{
  "chat_results": {
    "avg_response_time": 0.0032878875732421874,
    "min_response_time": 0.00139617919921875,
    "max_response_time": 0.009983062744140625,
    "total_requests": 5
  },
  "concurrent_results": {
    "total_time": 0.007964849472045898,
    "successful_requests": 10,
    "success_rate": 100.0,
    "throughput": 1255.5165085161793
  },
  "health_results": {
    "/health": {
      "status": "success",
      "response_time": 0.0014417171478271484,
      "data_size": 15
    },
    "/metrics": {
      "status": "success",
      "response_time": 1.2003147602081299,
      "data_size": 949
    },
    "/performance": {
      "status": "success",
      "response_time": 1.0051980018615723,
      "data_size": 315
    },
    "/optimize": {
      "status": "success",
      "response_time": 1.012188196182251,
      "data_size": 809
    }
  },
  "timestamp": "2025-10-21 00:38:56"
}