{
  "nlp_optimization": {
    "total_time": 0.012451171875,
    "cache_time": 0.007228851318359375,
    "cache_improvement": "41.9%",
    "avg_response_time": 0.002490234375,
    "messages_processed": 5
  },
  "async_flight_api": {
    "total_time": 0.003602266311645508,
    "concurrent_requests": 5,
    "successful_searches": 5,
    "avg_time_per_request": 0.0007204532623291016,
    "throughput": 1388.015090343504
  },
  "connection_pooling": {
    "total_time": 0.012836217880249023,
    "concurrent_operations": 20,
    "successful_operations": 20,
    "avg_time_per_operation": 0.0006418108940124511,
    "operations_per_second": 1558.091346421739
  },
  "database_optimization": {
    "response_time": 0.0014400482177734375,
    "database_status": "unknown",
    "database_latency": 0
  },
  "metrics_endpoints": {
    "/health": {
      "status": "success",
      "response_time": 0.0013971328735351562,
      "data_size": 15
    },
    "/metrics": {
      "status": "success",
      "response_time": 1.0129189491271973,
      "data_size": 952
    },
    "/performance": {
      "status": "success",
      "response_time": 1.0134518146514893,
      "data_size": 315
    },
    "/optimize": {
      "status": "success",
      "response_time": 1.012681007385254,
      "data_size": 809
    }
  }
}